NWD_ID	SAMPLE_ID
HG00179	HG00179
HG00189	HG00189
HG00237	HG00237
HG00844	HG00844
HG00956	HG00956
HG01047	HG01047
HG01060	HG01060
HG01125	HG01125
HG01131	HG01131
HG01137	HG01137
HG01173	HG01173
HG01488	HG01488
HG01501	HG01501
HG01630	HG01630
HG01812	HG01812
HG01851	HG01851
HG02089	HG02089
HG02178	HG02178
HG02312	HG02312
HG02409	HG02409
HG02536	HG02536
HG02623	HG02623
HG02888	HG02888
HG02981	HG02981
HG03077	HG03077
HG03563	HG03563
HG03673	HG03673
HG03730	HG03730
HG03743	HG03743
HG03781	HG03781
HG03885	HG03885
HG03922	HG03922
HG04047	HG04047
HG04075	HG04075
HG04155	HG04155
HG04158	HG04158
NA11919	NA11919
NA12154	NA12154
NA12878	NA12878
NA18561	NA18561
NA19026	NA19026
NA19443	NA19443
NA20533	NA20533
NA20762	NA20762
NA20764	NA20764
NA20792	NA20792
NA20866	NA20866
NA20896	NA20896
NA21110	NA21110
NA21112	NA21112
