prefix,pheno
copdgene2026,/net/topmed3/incoming/methylation/uw/copdgene.2026.0608/
copdgene2020,/net/topmed3/incoming/methylation/uw/copd.2020.0831/release_files/
jhs,/net/topmed3/incoming/methylation/uw/jhs.2024.0924.rationalized/release_files/
fhs2019b1,/net/topmed3/incoming/methylation/usc/fhs.2019
fhs2019b2,/net/topmed3/incoming/methylation/usc/fhs.2019.dec
fhs2024,/net/topmed3/incoming/methylation/uw/fhs.methylation.2024.0828
cra,/net/topmed3/incoming/methylation/usc/cra.2019
aric2023b1,/net/topmed3/incoming/methylation/uw/aric.2021.0326/release_files
aric2023b2,/net/topmed3/incoming/methylation/uw/aric.2023.0504/release2
aric2023b3,/net/topmed3/incoming/methylation/uw/aric.2023.1018/release_files"
whi2019,/net/topmed3/incoming/methylation/usc/whi.2019
whi,/net/topmed3/incoming/methylation/uw/whi_topmed_to6_methylation_1/level3
chs,/net/topmed3/incoming/methylation/uw/chs.2025.0416.rationalized/
hchssol,/net/topmed3/incoming/methylation/uw/sol.batch1.2025.0524
mesa,/net/topmed3/incoming/methylation/usc/mesa.pilot.methylation
mesa2025,/net/topmed3/incoming/methylation/uw/mesa.2025.0331/methyl.release.combined
cardia,/net/topmed3/incoming/methylation/usc/cardia.2020
ltrc,/net/topmed3/incoming/methylation/uw/ltrc.2020.0528
camp,/net/topmed3/incoming/methylation/usc/camp.2020.jan
pvdomicsPhbi,/net/topmed3/incoming/methylation/uw/pvdomics_topmed_to5_methylation/release_files
gemosa,/net/topmed3/incoming/methylation/uw/gem-osa_topmed_to6_methylation/release_files
