prefix,pheno,metabol_annotation
cardia,/net/topmed11/incoming/topmed/metabolomics/baylor/CARDIA.2024.0415/CARDIA_BatchNormData_DS.txt,/net/topmed11/incoming/topmed/metabolomics/baylor/CARDIA.2024.0415/CARDIA_ChemicalAnnotation_DS.txt
copdgene2025,/net/topmed11/incoming/topmed/metabolomics/baylor/COPDGene.2025.0805/TOPMed_COPDGene_PSM_MetabolomicData/BatchNormData_DS.txt,/net/topmed11/incoming/topmed/metabolomics/baylor/COPDGene.2025.0805/TOPMed_COPDGene_PSM_MetabolomicData/ChemicalAnnotation_DS.txt
copdgene2022,/net/topmed11/incoming/topmed/metabolomics/baylor/COPDGene.2022.0908/2022.0907_COPDGene_Metabolon_BatchNormData.txt.gz,/net/topmed11/incoming/topmed/metabolomics/baylor/COPDGene.2022.0908/2022.0907_COPDGene_Metabolon_ChemicalAnnotation.txt.gz
fhs,/net/topmed11/incoming/topmed/metabolomics/baylor/FHS.2023.0724/2023.0724_FHS_Metabolon_BatchNormData.txt,/net/topmed11/incoming/topmed/metabolomics/baylor/FHS.2023.0724/2023.0724_FHS_Metabolon_ChemicalAnnotation.txt
aric,/net/topmed11/incoming/topmed/metabolomics/baylor/ARIC.2024.1216/Rationalized/ARIC_Metabolomics_BatchNormDataDS_20250117.txt,/net/topmed11/incoming/topmed/metabolomics/baylor/ARIC.2024.1216/Rationalized/ARIC_Metabolomics_ChemmicalAnnotationDS_20250117.txt
whi,/net/topmed11/incoming/topmed/metabolomics/baylor/WHI.2022.0125/WHI_PSM_BatchNormData_DS_20220110.txt,/net/topmed11/incoming/topmed/metabolomics/baylor/WHI.2022.0125/WHI_PSM_ChemicalAnnotation_DS_20220110.txt
chs,/net/topmed11/incoming/topmed/metabolomics/baylor/CHS_2024.1212/Rationalized/CHS_BatchNormData_Ds_20250117.txt,/net/topmed11/incoming/topmed/metabolomics/baylor/CHS_2024.1212/Rationalized/CHS_ChemicalAnnotation_DS_20250117.txt
hchssol,/net/topmed11/incoming/topmed/metabolomics/baylor/HCHSSOL.2025.0515/BatchNormData_DS.txt,/net/topmed11/incoming/topmed/metabolomics/baylor/HCHSSOL.2025.0515/ChemicalAnnotation_DS.txt
spiromics,/net/topmed11/incoming/topmed/metabolomics/baylor/SPIROMICS.2024.0528/SPIROMICS.BatchNormData.all.txt,/net/topmed11/incoming/topmed/metabolomics/baylor/SPIROMICS.2024.0528/SPIROMICS.ChemicalAnnotation.all.txt
gemosaSTAGES,/net/topmed11/incoming/topmed/metabolomics/baylor/GEM.OSA.Stages.c2.2022.0713/GEM_OSA_STAGES_PSM_BatchNormData_DS_20220713.txt,/net/topmed11/incoming/topmed/metabolomics/baylor/GEM.OSA.Stages.c2.2022.0713/GEM_OSA_STAGES_PSM_ChemicalAnnotation_DS_20220713.txt
gemosaCANADIAN,/net/topmed11/incoming/topmed/metabolomics/baylor/GEM.OSA.Canada.c1.2022.0125/CanadianSleepStudy_PSM_BatchNormData_DS_20220110.txt,/net/topmed11/incoming/topmed/metabolomics/baylor/GEM.OSA.Canada.c1.2022.0125/CanadianSleepStudy_PSM_ChemicalAnnotation_DS_20220110.txt
